,Id,Latitude,Longitude,Country,HDI Rank,HDI,Life expectancy,Mean years of schooling,Gross national income (GNI) per capita,GNI per capita rank minus HDI rank,Change in HDI rank 2010-2015,Average annual HDI growth 1990-2000,Average annual HDI growth 2000-2010,Average annual HDI growth 2010-2015,Average annual HDI growth 1990-2015,Gender Development Index value,Gender Development Index Group,Human Development Index (HDI) Female,Human Development Index (HDI) Male,Life expectancy at birth Female,Life expectancy at birth Male,Mean years of schooling Female,Mean years of schooling Male,Estimated gross national income per capita Female,Estimated gross national income per capita Male,Share of seats in parliament (% held by women),Population with at least some secondary education % (2005-2015) Female,Population with at least some secondary education % (2005-2015) Male,Labour force participation rate (% ages 15 and older) Female ,Total Population (millions) 2015,Total Population (millions) 2030,Population Average annual growth 2000/2005 (%) ,Population Average annual growth 2010/2015 (%) ,Population Urban 2015 %,Population Under age 5 (millions) 2015,Population Ages 15–64 (millions) 2015,Population Ages 65 and older (millions) 2015,Population Median age (years) 2015,Dependency Ration Young age (0–14) /(per 100 people ages 15–64),Dependency Ratio Old age (65 and older) /(per 100 people ages 15–64),Total fertility rate (birth per woman) 2000/2005,Total fertility rate (birth per woman) 2000/2007,Infants exclusively breastfed (% ages 0–5 months) 2010-2015,Infants lacking immunization DTP (% of one-year-olds),Infants lacking immunization Measles (% of one-year-olds),Child malnutrition Stunting (moderate or severe) 2010-2015,"Mortality rates Infant (per 1,000 live births) 2015","Mortality rates Under-five (per 1,000 live births) 2015","Mortality rates Female Adult (per 1,000 live births) 2014","Mortality rates Male Adult (per 1,000 live births) 2014","Deaths due to Malria (per 100,000 people) ","Deaths due to Tuberculosis (per 100,000 people) ","HIV prevalence, adult (% ages 15–49)",Life expectancy at age 59 (years) 2010/2015,"Physicians  (per 10,000 people) 2001-2014",Public health expenditure (% of GDP) 2014,Employment to population ratio (% ages 15 and older) ,Labour force participation rate (% ages 15 and older),Employment in agriculture (% of total employment) 2010-2014,Employment in services (% of total employment) 2010- 2014,Total Unemployment (% of labour force) 2015,Unemployment Youth (% ages 15-24) 2010-2014,Unemployment Youth not in school or employment (% ages 15-24) 2010-2014,Vulnerable employment (% of total employment) 2005-2014,Child labour  (% ages 5-14) 2009-2015,Working poor at PPP$3.10 a day (%) 2004-2013,Mandatory paid maternity leave (days),Old-age pension recipients  (% of statutory pension age population) 2004-2013,Internet users,Internet users (% 2010 -2015),Inequality-adjusted HDI (IHDI),Inequality-adjusted HDI (IHDI) Over loss(%),Difference from HDI rank,Coefficient of human inequality,Inequality in life expectancy (%) 2010-2015,Inequality-adjusted life expectancy index,Inequality in education(%),Inequality-adjusted education index,Inequality in income (%),Inequality-adjusted income index,Income inequality (Quintile ratio) 2010-2015,Income inequality (Palma ratio) 2010-2015,Income inequality (Gini coefficient) 2010-2015
74,75,41.1533,20.1683,Albania,75,0.764,78,9.6,10252,24,4,0.41,1.1,0.7,0.74,0.959,2,0.747,0.778,80.6,75.6,9.5,9.8,7365,13186,20.7,90.2,90.5,40.3,2.900000095,3,-0.3,0,57.4,0.2,2,0.4,34.3,26.9,18,1.9,1.8,38.6,1,2,23.1,12.5,14,50,85,,0.6,,21.2,11.5,2.9,41.6,50.3,,,17.3,32.7,30.5,58.1,5,2,365,77,63.3,24.5,0.661,13.5,4,13.4,9.9,0.804,11.9,0.63,18.3,0.571,4.3,1,29
31,32,42.5063,1.5218,Andorra,32,0.858,81.5,10.3,47979,-18,9,,,0.95,,,,,,,,10.2,10.3,,,39.3,72,73.7,,0.100000002,0.100000002,4.3,-3.6,85.1,,,,,,,,,,1,4,,2.1,2.8,,,,0.8,,,40,6.3,,,,,,,,,,,,,96.9,4.800000191,,,,,,,,,,,,,
83,84,40.0691,45.0382,Armenia,84,0.743,74.9,11.3,8189,28,1,0.16,1.24,0.39,0.64,0.993,1,0.736,0.741,78.7,71.1,11.3,11.3,5535,11258,10.7,98.5,98.1,54.9,3,3,-0.4,0.4,62.7,0.2,2.099999905,0.3,34.6,26,15.3,1.7,1.6,34.6,3,3,20.8,12.6,14.1,70,170,,4.7,0.2,19.6,27,1.9,53,63.3,36.3,46.7,16.3,37.2,40.9,42.4,4,13.6,140,80,58.2,-11.69999981,0.674,9.3,15,9.2,10.1,0.759,3.7,0.703,13.9,0.573,4.7,1.2,31.5
23,24,47.5162,14.5501,Austria,24,0.893,81.6,11.3,43609,-4,-1,0.53,0.5,0.31,0.47,0.957,2,0.87,0.909,84,79.1,10.8,11.8,29829,57888,30.3,98.7,99.2,54.7,8.5,8.800000191,0.5,0.4,66,0.4,5.699999809,1.6,43.2,21.2,28,1.4,1.5,,7,24,,2.9,3.5,46,86,,0.7,,23.8,48.3,8.7,56.8,60.2,4.3,69.7,5.7,10.2,7.7,8.6,,,112,100,83.9,8,0.815,8.7,3,8.5,3.7,0.912,4.3,0.785,17.5,0.757,4.9,1.1,30.5
77,78,40.143105,47.576927,Azerbaijan,78,0.759,70.9,11.2,16413,-12,-2,,1.43,0.48,,0.94,3,0.732,0.779,74.1,67.8,10.3,12,11029,21845,16.9,93.9,97.5,61.9,9.800000191,10.69999981,1.1,1.4,54.6,0.9,7.099999905,0.5,30.9,30.3,7.8,2,2.3,12.1,4,2,18,27.9,31.7,86,178,0.1,0.4,0.2,18.3,34,1.2,61.9,65,36.8,48.9,4.7,14.3,,56.4,7,1.7,126,81.7,77,11.19999981,0.659,13.2,5,13,21.7,0.613,8.3,0.663,8.9,0.702,4.8,1.2,31.8
51,52,53.709807,27.953389,Belarus,52,0.796,71.5,12,15629,19,1,,1.45,0.23,,1.021,1,0.803,0.786,77.3,65.7,11.9,12.1,12327,19433,29.2,87,92.2,54.5,9.5,9,-0.6,0,76.7,0.6,6.599999905,1.3,39.6,23,20,1.3,1.6,19,3,1,4.5,3.4,4.6,90,261,,7.7,0.6,18.1,39.3,3.7,57,60.8,9.6,57.2,6.1,12.9,,2.1,1,3.1,126,93.6,62.2,13.60000038,0.745,6.4,6,6.4,5.8,0.746,3.7,0.804,9.7,0.689,3.9,1,27.2
21,22,50.503887,4.469936,Belgium,22,0.896,81,11.4,41243,1,-4,0.81,0.12,0.27,0.42,0.978,1,0.881,0.901,83.4,78.5,11.2,11.6,32416,50358,42.4,80.1,84.7,48.2,11.30000019,12,0.6,0.7,97.9,0.7,7.300000191,2.1,41.5,26.1,28.1,1.7,1.8,,1,4,,3.3,4.1,,,,0.3,,23.7,48.9,8.2,48.9,53.6,1.1,77.4,8.7,21.8,12.1,10.5,,,105,84.6,85.1,4.099999905,0.821,8.3,2,8.3,4,0.901,8.1,0.773,12.7,0.794,4.2,1,27.6
80,81,43.915886,17.679076,Bosnia and Herzegovina,81,0.75,76.6,9,10091,22,14,,,1.07,,0.923,4,0.721,0.781,79.2,74.1,7.8,10.6,6950,13261,19.3,69.5,87.5,34.4,3.799999952,3.599999905,0.2,-0.1,39.8,0.2,2.700000048,0.6,41.5,19,21.7,1.2,1.3,18.5,8,11,8.9,5.1,5.4,66,130,,3.8,,20.2,19.3,6.8,32.2,46.1,,,30.3,66.9,,25.3,5,1.5,365,29.6,65.1,11.5,0.65,13.3,6,13.1,6.7,0.813,12.5,0.607,20.2,0.556,5.7,1.3,33.8
55,56,42.733883,25.48583,Bulgaria,56,0.794,74.3,10.8,16261,13,3,0.19,0.83,0.49,0.5,0.984,1,0.789,0.801,77.8,70.9,10.8,11.2,12979,19736,20.4,93.1,95.5,48.6,7.099999905,6.300000191,-0.8,-0.7,73.9,0.3,4.699999809,1.4,43.5,21.5,30.4,1.2,1.5,,10,7,8.8,9.3,10.4,,,,2.1,,19.2,38.7,4.6,48.9,54.2,6.9,62.8,9.8,22.2,20.2,8.7,,,410,96.9,56.7,-6.400000095,0.709,10.7,2,10.5,7.8,0.771,5.5,0.735,18.2,0.629,6.9,1.5,36
45,46,45.1,15.2,Croatia,45,0.827,77.5,11.2,20291,14,1,1.13,0.77,0.47,0.85,0.997,1,0.827,0.83,80.8,74.2,11.2,11.6,16932,23897,15.2,92,96,46.4,4.199999809,4,-0.2,-0.4,59,0.2,2.799999952,0.8,42.8,22.5,28.6,1.4,1.5,23.3,2,6,,3.6,4.3,57,134,,1.1,,20.6,30,6.4,43.9,52.3,8.7,63.9,16.1,43.8,19.3,10.4,,,208,57.6,69.8,-8.699999809,0.752,9.1,2,8.9,4.5,0.845,4.4,0.763,17.7,0.66,5.7,1.2,32.5
32,33,35.126413,33.429859,Cyprus,33,0.856,80.3,11.7,29459,4,-3,0.88,0.58,0.2,0.62,0.979,1,0.846,0.864,82.6,78.2,11.6,11.9,23450,35227,12.5,77,82.7,57.5,1.200000048,1.299999952,1.8,1.1,66.9,0.1,0.800000012,0.1,35.9,23.4,18.2,1.6,1.5,,1,14,,2.5,2.7,35,70,,0.4,,22.1,23.3,3.3,53.9,63.9,3.9,79.6,15.6,32.3,17,14.2,,,126,85.2,71.7,1.799999952,0.762,10.9,-2,10.8,4,0.891,12.4,0.688,15.9,0.722,5.4,1.4,34.3
27,28,49.817492,15.472962,Czech Republic,28,0.878,78.8,12.3,28144,11,0,0.76,0.47,0.39,0.57,0.983,1,0.869,0.883,81.6,75.9,12.1,12.6,20997,35543,19.6,99.8,99.8,51.1,10.5,10.5,-0.1,0.1,73,0.5,7.099999905,1.9,41.5,22.5,27,1.2,1.5,,1,1,2.6,2.8,3.4,53,115,,0.6,,21.5,36.2,6.3,56.4,59.4,2.7,58.9,5.2,13,8.1,14.5,,,196,100,81.3,5.400000095,0.83,5.4,10,5.3,3.5,0.873,1.4,0.866,11.1,0.757,3.8,0.9,26.1
4,5,56.26392,9.501785,Denmark,5,0.925,80.4,12.7,44519,13,2,0.76,0.55,0.32,0.59,0.97,2,0.91,0.938,82.3,78.5,12.6,12.9,36857,52293,37.4,89.1,98.5,58,5.699999809,6,0.3,0.4,87.7,0.3,3.599999905,1.1,41.6,26.3,29.6,1.8,1.7,,4,10,,2.9,3.5,,,,0.4,,22.8,34.9,9.2,58.1,62,2.3,78,6.3,10.8,5.8,5.4,,,126,100,96.3,11,0.858,7.2,-2,7,3.8,0.894,3,0.896,14.3,0.789,4.5,1,29.1
30,31,58.595272,25.013607,Estonia,30,0.865,77,12.5,26362,12,2,0.71,0.7,0.65,0.69,1.032,2,0.878,0.851,81.4,72.2,13,12.2,21976,31347,23.8,100,100,55.4,1.299999952,1.200000048,-0.6,-0.3,67.5,0.1,0.899999976,0.2,41.7,24.7,28.8,1.4,1.6,,5,7,,2.3,2.9,,,,2.1,,21.3,32.4,5,58.2,61.9,3.9,65.5,5.9,11.3,11.7,5.7,,,140,98,88.4,16.79999924,0.788,8.9,3,8.6,4.8,0.835,2.3,0.856,18.7,0.684,5.7,1.3,33.2
22,23,61.92411,25.748151,Finland,23,0.895,81,11.2,38868,1,1,0.9,0.25,0.37,0.53,1,1,0.895,0.895,83.8,78.2,11.5,11.1,32069,45882,41.5,100,100,55,5.5,5.699999809,0.3,0.5,84.2,0.3,3.5,1.1,42.5,25.9,32.4,1.8,1.7,,1,3,,1.9,2.3,,,,0.2,,23.7,29.1,7.3,52.9,58.5,3.9,73.7,9.6,23.3,10.2,9.8,,,147,100,92.7,-13.30000019,0.843,5.8,9,5.7,3.4,0.907,2,0.83,11.6,0.796,3.9,1,27.1
20,21,46.227638,2.213749,France,21,0.897,82.4,11.6,38085,4,1,0.86,0.39,0.34,0.57,0.988,1,0.892,0.902,85.2,79.4,11.5,11.8,31742,44776,25.7,79.7,85.5,50.7,64.40000153,68,0.6,0.5,79.5,3.9,40.20000076,12.3,41.2,29.6,30.6,1.9,2,,1,10,,3.5,4.3,51,105,,0.6,,25.2,31.9,9,49.4,55.2,2.8,75.8,10.6,24.7,10.7,7.2,,,112,100,84.7,12.30000019,0.813,9.4,-1,9.3,4,0.921,7.5,0.776,16.3,0.752,5.3,1.3,33.1
69,70,42.315407,43.356892,Georgia,70,0.769,75,12.2,8856,38,5,,0.99,0.72,,0.97,2,0.754,0.777,78.5,71.3,12.3,12.2,6105,11871,11.3,96.1,97.4,57.3,4,3.900000095,-1.2,-1.2,53.6,0.3,2.700000048,0.6,37.5,25.2,20.4,1.6,1.8,54.8,1,8,11.3,10.6,11.9,64,171,0,6.6,0.4,19.8,42.7,1.6,58.9,67.1,,,12.3,29.8,,59.8,18,15.2,183,89.8,45.2,42.29999924,0.672,12.7,3,12.2,10.3,0.759,2.2,0.777,24.1,0.514,8.2,1.9,40.1
3,4,51.165691,10.451526,Germany,4,0.926,81.1,13.2,45000,13,0,0.71,0.59,0.3,0.58,0.964,2,0.908,0.942,83.4,78.7,12.9,13.6,35878,54440,36.9,96.4,97,54.5,80.69999695,79.30000305,-0.2,0.1,75.3,3.4,53.20000076,17.1,46.2,19.6,32.2,1.4,1.4,,2,3,1.3,3.1,3.7,,,,0.4,,23.5,38.9,8.7,57.6,60.3,1.3,70.4,4.6,7.1,6.4,6.3,,,98,100,87.6,9.600000382,0.859,7.2,-1,7,3.7,0.905,2.6,0.891,14.8,0.787,4.6,1.1,30.1
28,29,39.074208,21.824312,Greece,29,0.866,81.1,10.5,24808,16,0,0.52,0.71,0.14,0.52,0.957,2,0.844,0.883,84,78.2,10.3,10.8,17304,32683,19.7,63.7,71.7,43.9,11,10.5,0.2,-0.4,78,0.5,7,2.3,43.6,22.8,33.4,1.3,1.3,,1,3,,3.6,4.6,45,101,,1,0.3,23.6,61.7,5,38.8,51.7,13,71.8,24.9,49.2,19.1,29.6,,,119,77.4,66.8,3,0.758,12.4,-6,12.2,3.7,0.905,11.7,0.733,21.1,0.657,7.6,1.6,36.7
42,43,47.162494,19.503304,Hungary,43,0.836,75.3,12,23394,6,-4,0.89,0.67,0.36,0.7,0.988,1,0.83,0.84,78.8,71.6,12,12.1,17787,29567,10.1,95.6,97.9,46.4,9.899999619,9.300000191,-0.3,-0.3,71.2,0.5,6.699999809,1.8,41.3,21.5,26.3,1.3,1.3,,1,1,,5.3,5.9,,,,0.7,,20.1,30.8,4.9,50.2,54,4.6,64.5,7,18.2,13.6,5.8,,,168,91.4,72.8,-0.899999976,0.771,7.8,6,7.6,5.2,0.807,3.1,0.808,14.6,0.704,5,1.1,30.6
8,9,64.963051,-19.020835,Iceland,9,0.921,82.7,12.2,37065,20,7,0.7,0.46,0.6,0.58,0.965,2,0.905,0.938,84.2,81.2,12.2,12.6,30530,43576,41.3,100,97.2,70.7,0.300000012,0.400000006,1.1,0.7,94.1,0,0.200000003,0,36,30.8,20.8,2,2,,4,10,,1.6,2,39,67,,0.3,,24.5,34.8,7.2,70.8,74.1,4.2,77.1,4.4,8.7,5.8,8.5,,,90,100,98.2,6.300000191,0.868,5.8,6,5.7,2.9,0.937,2.5,0.884,11.7,0.789,4,1,26.9
7,8,53.41291,-8.24389,Ireland,8,0.923,81.1,12.3,43798,11,1,1.17,0.6,0.29,0.77,0.976,1,0.909,0.931,83.1,79,12.5,11.9,33497,54135,19.9,86.8,82.2,52.4,4.699999809,5.199999809,1.8,0.3,63.2,0.4,3.099999905,0.6,36.9,33.5,20.2,2,2,,2,7,,3,3.6,,,,0.4,,23.4,26.7,5.1,54.3,60,6.1,75.2,9.5,20.9,15.2,12.7,,,182,90.5,80.1,-1.5,0.85,7.9,-2,7.7,3.7,0.905,3,0.883,16.3,0.769,5.3,1.3,32.5
25,26,41.87194,12.56738,Italy,26,0.887,83.3,10.9,33573,6,0,0.76,0.51,0.34,0.58,0.963,2,0.865,0.899,85.7,80.9,10.5,11,22910,44844,30.1,79.1,83.3,39.3,59.79999924,59.09999847,0.5,0.1,69,2.6,38.20000076,13.4,45.9,21.5,35.1,1.3,1.4,,2,14,,2.9,3.5,,,,0.4,0.4,25.1,37.6,7,42.5,48.4,3.5,69.5,12.1,42.1,22,18.1,,,150,81.1,65.6,-2.200000048,0.784,11.5,-3,11.2,3,0.945,9.9,0.734,20.8,0.696,6.7,1.4,35.2
56,57,48.019573,66.923684,Kazakhstan,56,0.794,69.6,11.7,22093,-3,7,-0.07,1.13,0.72,0.56,1.006,1,0.795,0.79,74.3,64.8,11.7,11.7,16364,28226,20.1,99.7,100,66.1,17.60000038,20.10000038,0.7,1.6,53.2,1.9,11.69999981,1.2,29.3,40.1,10.1,2,2.6,31.8,4,1,13.1,12.6,14.1,124,302,,8.6,0.2,17.1,36.2,2.4,67.2,71.2,24.2,56,5.6,5.1,,28.6,2,3.4,126,95.9,72.9,53.59999847,0.714,10.1,4,10.1,11.6,0.674,5.9,0.758,12.7,0.712,3.7,0.9,26.3
43,44,56.879635,24.603189,Latvia,44,0.83,74.3,11.7,22589,7,1,0.35,1.07,0.49,0.67,1.025,2,0.84,0.82,79,69.3,12,11.6,18824,27031,18,99.3,98.8,54.4,2,1.799999952,-1.3,-1.2,67.4,0.1,1.299999952,0.4,42.9,22.7,29.5,1.3,1.5,,7,5,,6.9,7.9,94,243,,2.7,0.7,19.8,35.8,3.7,54.4,60.4,7.3,68.6,9.8,14.8,12,7.6,,,112,100,79.2,15.10000038,0.742,10.6,-1,10.3,6.7,0.78,3.8,0.803,20.3,0.653,6.7,1.4,35.5
14,15,47.166,9.555373,Liechtenstein,15,0.912,80.2,12.4,75065,-11,-5,,0.48,0.16,,,,,,,,,,,,20,,,,0,0,0.9,0.7,14.3,,,,,,,,,,,,,,,,,,,,,,,,,,,,,,,,,,,96.6,10.69999981,,,,,,,,,,,,,
36,37,55.169438,23.881275,Lithuania,37,0.848,73.5,12.7,26006,7,-1,0.36,0.87,0.53,0.6,1.032,2,0.861,0.834,79.1,67.9,12.7,12.7,22147,30530,23.4,91.1,95.6,53.9,2.900000095,2.700000048,-0.8,-1.6,66.5,0.2,1.899999976,0.5,43.1,21.8,28.3,1.3,1.6,,3,7,,3.3,5.2,92,266,,7.7,,19.2,41.2,4.4,53.5,59.1,9,65.8,9.5,17.6,9.9,9.8,,,126,100,71.4,-12.5,0.759,10.5,0,10.2,5.5,0.778,5.6,0.833,19.6,0.675,6.5,1.4,35.2
19,20,49.815273,6.129583,Luxembourg,20,0.898,81.9,12,62471,-12,-4,0.88,0.46,0.11,0.56,0.966,2,0.881,0.911,84.1,79.6,11.6,12.3,47539,77291,28.3,100.6,99.4,52.2,0.600000024,0.699999988,1,2.2,90.2,0,0.400000006,0.1,39.2,23.6,20.1,1.7,1.6,,1,1,,1.5,1.9,,,,0.2,,23.9,29,5.8,55.7,59.1,1.3,85.7,5.9,18.6,6.3,6.3,,,112,90,97.3,3.799999952,0.827,8,1,7.8,2.6,0.927,5.8,0.738,15.1,0.826,5.9,1.4,34.8
81,82,41.6086,21.7453,Macedonia,82,0.748,75.5,9.4,12405,5,0,,,0.35,,0.947,3,0.725,0.765,77.9,73.2,8.9,9.8,9050,15790,33.3,40.2,55.6,43.9,2.099999905,2.099999905,0.3,0.2,57.1,0.1,1.5,0.3,37.5,24,17.4,1.6,1.5,23,2,7,4.9,4.8,5.5,71,134,,2.3,,19.1,26.3,4.1,40.9,55.9,18,51.4,26.9,49.4,25.1,22.8,13,3,270,52.2,70.4,2.900000095,0.623,16.7,1,16.1,7.6,0.789,10.6,0.602,30.1,0.509,9.3,2.3,44.1
33,34,35.937496,14.375416,Malta,33,0.856,80.7,11.3,29500,3,3,0.63,0.53,0.71,0.61,0.923,4,0.817,0.885,82.4,79,10.9,11.6,17295,41802,12.9,72.7,81.2,38.8,0.400000006,0.400000006,0.5,0.3,95.4,0,0.300000012,0.1,41.5,21.8,29,1.5,1.4,,1,2,,5.1,6.4,41,70,,0.3,,22.8,34.9,6.7,49.5,52.3,1.2,77.1,5.4,12.3,11.4,9.4,,,126,60.5,76.2,20.5,0.786,8.1,3,8,4.5,0.892,6,0.734,13.6,0.742,,,
106,107,47.411631,28.369885,Moldova,107,0.699,71.7,11.9,5026,31,0,-0.87,1.18,0.81,0.28,1.01,1,0.702,0.695,75.9,67.6,12,11.8,4461,5637,21.8,95.2,97.3,38.8,4.099999905,3.799999952,-0.2,-0.1,45,0.2,3,0.4,35.6,21.2,13.4,1.2,1.3,36.4,6,10,6.4,13.6,15.8,101,244,,7.8,0.6,17.3,29.8,5.3,39.9,42,28.8,53.5,5,15.6,28.6,32,16,1.2,126,72.8,49.8,51.29999924,0.628,10.2,21,10.1,9,0.724,7.3,0.672,14,0.509,3.8,0.9,26.8
190,191,43.750298,7.412841,Monaco,,,,,,,,,,,,,,,,,,,,,,20.8,,,,0,0,1,0.5,100,,,,,,,,,,1,1,,2.8,3.5,,,,0.2,,,71.7,3.8,,,,,,,,,,,,,93.4,39.70000076,,,,,,,,,,,,,
47,48,42.708678,19.37439,Montenegro,48,0.807,76.4,11.3,15410,24,2,,,0.38,,0.955,2,0.789,0.827,78.6,74.2,10.7,12,11757,19149,17.3,86.9,96.2,42,0.600000024,0.600000024,0.1,0.1,64,0,0.400000006,0.1,37.6,27.6,20.2,1.9,1.7,16.8,3,12,9.4,4.3,4.7,73,130,,0.6,,19.8,21.1,3.7,40,48.9,5.7,73,18.2,37.5,,,13,1.8,45,52.3,64.6,-14.10000038,0.736,8.8,1,8.7,5.2,0.823,7.4,0.738,13.6,0.657,4.8,1.2,31.9
6,7,52.132633,5.291266,Netherlands,7,0.924,81.7,11.9,46326,8,-2,0.56,0.37,0.29,0.43,0.946,3,0.895,0.946,83.5,79.9,11.6,12.2,30117,62773,36.4,86.2,90.3,57.5,16.89999962,17.60000038,0.5,0.4,90.5,0.9,11,3.1,42.7,25.3,27.9,1.7,1.8,,2,4,,3.2,3.8,,,,0.1,,23.8,28.6,9.5,59.9,63.8,2,75.3,6.1,8.8,5,12.8,,,112,100,93.1,7,0.861,6.9,2,6.8,3.7,0.914,4.2,0.859,12.4,0.812,4.2,1,28
0,1,60.472024,8.468946,Norway,1,0.949,81.7,12.7,67614,5,0,0.77,0.24,0.21,0.45,0.993,1,0.944,0.951,83.7,79.7,12.8,12.7,59800,75314,39.6,96.1,94.6,61.2,5.199999809,5.900000095,0.6,1.3,80.5,0.3,3.400000095,0.9,39.1,27.3,24.9,1.8,1.8,,1,6,,2,2.6,44,69,,0.2,,23.9,42.8,8.3,62.2,64.9,2.1,77,4.1,10.1,5.5,5.3,,,,100,96.8,-0.800000012,0.898,5.4,0,5.4,3.3,0.918,2.4,0.894,10.4,0.882,3.8,0.9,25.9
35,36,51.919438,19.145136,Poland,36,0.855,77.6,11.9,24117,11,-3,0.97,0.56,0.62,0.74,1.006,1,0.857,0.852,81.5,73.6,11.9,12,18928,29658,24.8,81.1,86.9,49.1,38.59999847,37.20000076,0,0,60.5,2,26.79999924,6,39.6,21.5,22.3,1.3,1.4,,1,2,,4.5,5.2,,,,1.4,,21.5,22.2,4.5,52.7,56.9,11.2,57.9,7.4,19.9,12,17.2,,,182,96.5,68,21,0.774,9.5,2,9.3,5.2,0.84,5.4,0.806,17.4,0.685,5,1.2,32.1
40,41,39.399872,-8.224454,Portugal,41,0.843,81.2,8.9,26104,2,1,0.97,0.45,0.59,0.68,0.98,1,0.833,0.85,84,78.2,8.9,8.9,21095,31673,34.8,50.8,52.2,53.6,10.30000019,9.800000191,0.4,-0.4,63.5,0.4,6.699999809,2.2,44,21.6,31.9,1.5,1.3,,1,2,,3,3.6,,,,1.2,,23.7,41,6.2,51.4,58.5,5.5,69.5,12.1,30.1,12.3,14.5,3,,,100,68.6,-4.199999809,0.755,10.4,1,10.1,3.9,0.905,5.9,0.712,20.4,0.669,6.7,1.5,36
49,50,45.943161,24.96676,Romania,50,0.802,74.8,10.8,19428,11,-2,0.11,1.2,0.12,0.55,0.99,1,0.796,0.805,78.4,71.3,10.3,11,16272,22786,12,86.1,92.2,47.6,19.5,17.60000038,-0.7,-0.8,54.6,0.9,13.10000038,3.4,42.1,23.1,25.8,1.3,1.5,15.8,2,11,12.8,9.7,11.1,79,195,,5.5,,19.8,24.5,4.5,52,55.9,25.4,44.5,6.9,23.1,17,30.9,1,,126,98,55.8,-3.799999952,0.714,11.1,0,10.8,8.4,0.773,4.6,0.734,19.5,0.641,4.1,1,27.5
48,49,61.52401,105.318756,Russia,49,0.804,70.3,12,23286,1,5,-0.18,0.87,0.48,0.37,1.016,1,0.809,0.796,75.9,64.6,12,12.1,17868,29531,14.5,94.6,94.7,56.6,143.5,138.6999969,-0.4,0,74,9.2,100.3000031,19.2,38.7,24,19.1,1.3,1.7,,3,2,,8.2,9.6,,,,11,,18.4,43.1,3.7,59.8,63.5,6.7,65.8,5.8,15,12,6,,3.9,140,100,73.4,-3.400000095,0.725,9.8,1,9.6,8.8,0.705,2.2,0.798,17.7,0.678,8.2,2,41.6
192,193,43.94236,12.457777,San Marino,,,,,50063,,,,,,,,,,,,,,,,,16.7,,,,0,0,1.3,0.7,94.2,,,,,,,,,,18,43,,2.6,2.9,,,,0,,,51,5.7,,,0.3,65.4,,,,,,,150,,,16.20000076,,,,,,,,,,,,,
66,67,44.016521,21.005859,Serbia,66,0.776,75,10.8,12202,22,0,-0.07,0.65,0.5,0.33,0.969,2,0.763,0.787,77.9,72.2,10.3,11.4,9600,14932,34,82.3,91.6,43.4,8.899999619,8.300000191,-0.6,-0.5,55.6,0.5,5.900000095,1.5,40.6,24.5,25.6,1.7,1.6,12.8,3,14,6,5.9,6.7,79,152,,1.4,,19.1,21.1,6.4,41.7,51.5,21.3,52.9,19,45.2,19.5,28.6,10,0.4,135,46.1,65.3,-3.799999952,0.689,11.2,3,11.1,7.9,0.78,8.1,0.698,17.4,0.6,4.4,1.1,29.1
39,40,48.669026,19.699024,Slovakia,40,0.845,76.4,12.2,26764,1,-7,0.34,0.83,0.39,0.54,0.991,1,0.838,0.846,80,72.7,12,12.3,20173,33770,18.7,99.2,99.5,51.4,5.400000095,5.400000095,0,0.1,53.6,0.3,3.900000095,0.8,39.1,21.3,19.5,1.2,1.4,,1,3,,5.8,7.3,,,,0.5,,20.3,33.2,5.8,52.8,59.5,3.5,60.9,11.3,25.2,12.8,12.2,,,238,100,85,12.19999981,0.793,6.1,12,6,5.3,0.822,1.4,0.812,11.4,0.748,4,0.9,26.1
24,25,46.151241,14.995463,Slovenia,25,0.89,80.6,12.1,28664,13,0,0.73,0.61,0.33,0.6,1.003,1,0.89,0.888,83.5,77.6,11.9,12.2,25654,31726,27.7,96.5,98.3,52.2,2.099999905,2.099999905,0.1,0.1,49.7,0.1,1.399999976,0.4,43.1,22,26.7,1.2,1.6,,2,6,,2.1,2.6,,,,0.8,,23.1,25.2,6.6,52.1,57.5,7.7,60.2,9.3,16.7,9.4,15.1,,,105,95.1,73.1,9.600000382,0.838,5.9,9,5.8,3.6,0.898,2.6,0.863,11.3,0.758,3.7,0.9,25.6
26,27,40.463667,-3.74922,Spain,27,0.884,82.8,9.8,32779,7,0,0.9,0.49,0.4,0.64,0.974,2,0.87,0.894,85.4,80,9.6,10,24382,41500,38,70.9,76.7,52.3,46.09999847,45.90000153,1.5,-0.2,79.6,2.1,30.60000038,8.7,43.2,22.4,28.3,1.3,1.3,,1,4,,3.5,4.1,,,,0.5,0.4,24.8,49.5,6.4,45.3,58.4,4.2,76.3,22.4,49.4,17.1,12.5,,,112,68.2,78.7,-3,0.791,10.5,1,10.1,3.5,0.932,5.1,0.777,21.8,0.684,7.3,1.5,35.9
13,14,60.128161,18.643501,Sweden,14,0.913,82.3,12.3,46251,2,-1,0.73,0.28,0.25,0.45,0.997,1,0.909,0.911,84,80.6,12.4,12.2,40328,52181,43.6,87.8,88.3,60.9,9.800000191,10.80000019,0.4,0.8,85.8,0.6,6.099999905,1.9,41,27.5,31.8,1.7,1.9,,1,3,,2.4,3,43,66,,0.3,,24.3,39.3,10,59.8,64.5,1.7,79,7.4,20.8,7.2,6.7,,,,100,90.6,11.30000019,0.851,6.7,3,6.6,3.3,0.928,3.4,0.826,13.1,0.806,4.2,0.9,27.3
2,3,46.818188,8.227512,Switzerland,2,0.939,83.1,13.4,56364,7,0,0.67,0.49,0.16,0.49,0.974,2,0.926,0.951,85.1,81,13.3,13.5,46798,66116,28.9,96.1,97.4,62.7,8.300000191,9.199999809,0.7,1.2,73.9,0.4,5.599999905,1.5,42.3,22,26.9,1.4,1.5,,2,7,,3.4,3.9,,,,0.1,,25,40.5,7.7,65.7,68.7,3.2,73.9,4.3,7,7.3,9.1,,,98,100,88,15.30000019,0.859,8.6,-4,8.4,3.8,0.934,5.7,0.84,15.7,0.806,4.9,1.2,31.6
70,71,38.963745,35.243322,Turkey,71,0.767,75.5,7.9,18705,-7,9,1.26,1.22,0.81,1.15,0.908,4,0.724,0.797,78.7,72.3,7,8.8,10648,27035,14.9,43.5,64.8,30.4,78.69999695,87.69999695,1.4,1.7,73.4,6.8,52.5,5.9,29.8,38.4,11.3,2.4,2.1,30.1,3,6,9.5,11.6,13.5,73,142,0,0.6,,20.8,17.1,4.2,45.1,50.3,19.7,51.9,10.3,16.4,24.8,29.4,6,4,112,88.1,53.7,12.10000038,0.645,15.9,-3,15.8,11.5,0.756,14.2,0.574,21.8,0.618,8,1.9,40.2
84,85,48.379433,31.16558,Ukraine,84,0.743,71.1,11.3,7361,34,-1,-0.48,0.87,0.25,0.21,1,1,0.741,0.741,76,66.2,11.3,11.3,5791,9181,12.1,94.3,96,52.2,44.79999924,40.90000153,-0.8,-0.4,69.7,2.5,31.29999924,6.9,40.3,21.4,21.9,1.1,1.5,19.7,10,21,3.7,7.7,9,111,292,,13,0.9,18.1,35.4,3.6,53.2,59.1,14.8,59.1,9.9,23.1,20,18.1,2,1.9,126,95,49.3,23,0.69,7.2,18,7.2,8.7,0.718,3.6,0.774,9.2,0.59,3.3,0.8,24.1
15,16,55.378051,-3.435973,United Kingdom,16,0.909,80.8,13.3,37931,10,-4,1.13,0.41,0.16,0.64,0.964,2,0.89,0.924,82.7,78.9,13.2,13.4,26324,49872,26.7,81.3,84.6,56.9,64.69999695,70.09999847,0.5,0.6,82.6,4.1,41.70000076,11.5,40,27.6,27.6,1.7,1.9,,2,7,,3.5,4.2,54,85,,0.5,,23.5,28.1,7.6,59.3,62.7,1.1,79.1,5.5,15.1,11.9,12.7,,,14,99.5,92,1.700000048,0.836,8,-1,7.8,4.5,0.894,2.8,0.871,16.2,0.752,5.3,1.3,32.6
